continent,date,Total_cases,Total_deaths,Reproduction_rate,Total_tests,Positive_rate,Population,Population_density,Median_age,Aged_65_older,Life_expectancy
Europe,2020-03-25,146,5,1.17,922,0.336,2877800,104.871,38.0,13,78.57
Europe,2020-03-26,174,6,1.14,1025,0.334,2877800,104.871,38.0,13,78.57
Europe,2020-03-27,186,8,1.08,1127,0.296,2877800,104.871,38.0,13,78.57
Europe,2020-03-28,197,10,1.04,1206,0.283,2877800,104.871,38.0,13,78.57
Europe,2020-03-29,212,10,1.04,1317,0.244,2877800,104.871,38.0,13,78.57
Europe,2020-03-30,223,11,1.05,1407,0.212,2877800,104.871,38.0,13,78.57
Europe,2020-03-31,243,15,1.08,1552,0.18,2877800,104.871,38.0,13,78.57
Europe,2020-04-01,259,15,1.08,1704,0.144,2877800,104.871,38.0,13,78.57
Europe,2020-04-02,277,16,1.11,1800,0.133,2877800,104.871,38.0,13,78.57
Europe,2020-04-03,304,17,1.15,1912,0.151,2877800,104.871,38.0,13,78.57
Europe,2020-04-04,333,20,1.14,2128,0.147,2877800,104.871,38.0,13,78.57
Europe,2020-04-05,361,20,1.08,2277,0.155,2877800,104.871,38.0,13,78.57
Europe,2020-04-06,377,21,1.0,2452,0.148,2877800,104.871,38.0,13,78.57
Europe,2020-04-07,383,22,0.92,2634,0.129,2877800,104.871,38.0,13,78.57
Europe,2020-04-08,400,22,0.88,2870,0.121,2877800,104.871,38.0,13,78.57
Europe,2020-04-09,409,23,0.86,3104,0.101,2877800,104.871,38.0,13,78.57
Europe,2020-04-10,416,23,0.88,3266,0.083,2877800,104.871,38.0,13,78.57
Europe,2020-04-11,433,23,0.93,3525,0.071,2877800,104.871,38.0,13,78.57
Europe,2020-04-12,446,23,0.97,3758,0.057,2877800,104.871,38.0,13,78.57
Europe,2020-04-13,467,23,1.01,3951,0.06,2877800,104.871,38.0,13,78.57
Europe,2020-04-14,475,24,1.01,4187,0.059,2877800,104.871,38.0,13,78.57
Europe,2020-04-15,494,25,1.05,4439,0.06,2877800,104.871,38.0,13,78.57
Europe,2020-04-16,518,26,1.08,4708,0.068,2877800,104.871,38.0,13,78.57
Europe,2020-04-17,539,26,1.08,4961,0.073,2877800,104.871,38.0,13,78.57
Europe,2020-04-18,548,26,1.06,5192,0.069,2877800,104.871,38.0,13,78.57
Europe,2020-04-19,562,26,1.1,5423,0.07,2877800,104.871,38.0,13,78.57
Europe,2020-04-20,584,26,1.14,5656,0.068,2877800,104.871,38.0,13,78.57
Europe,2020-04-21,609,26,1.16,5898,0.078,2877800,104.871,38.0,13,78.57
Europe,2020-04-22,634,27,1.14,6150,0.082,2877800,104.871,38.0,13,78.57
Europe,2020-04-23,663,27,1.1,6390,0.086,2877800,104.871,38.0,13,78.57
Europe,2020-04-24,678,27,1.05,6649,0.082,2877800,104.871,38.0,13,78.57
Europe,2020-04-25,712,27,1.02,6896,0.096,2877800,104.871,38.0,13,78.57
Europe,2020-04-26,726,28,0.94,7160,0.094,2877800,104.871,38.0,13,78.57
Europe,2020-04-27,736,28,0.86,7372,0.089,2877800,104.871,38.0,13,78.57
Europe,2020-04-28,750,30,0.81,7639,0.081,2877800,104.871,38.0,13,78.57
Europe,2020-04-29,766,30,0.76,7909,0.075,2877800,104.871,38.0,13,78.57
Europe,2020-04-30,773,31,0.71,8134,0.063,2877800,104.871,38.0,13,78.57
Europe,2020-05-01,782,31,0.7,8379,0.06,2877800,104.871,38.0,13,78.57
Europe,2020-05-02,789,31,0.7,8550,0.047,2877800,104.871,38.0,13,78.57
Europe,2020-05-03,795,31,0.73,8747,0.043,2877800,104.871,38.0,13,78.57
Europe,2020-05-04,803,31,0.77,8887,0.044,2877800,104.871,38.0,13,78.57
Europe,2020-05-05,820,31,0.81,9157,0.046,2877800,104.871,38.0,13,78.57
Europe,2020-05-06,832,31,0.79,9412,0.044,2877800,104.871,38.0,13,78.57
Europe,2020-05-07,842,31,0.78,9687,0.044,2877800,104.871,38.0,13,78.57
Europe,2020-05-08,850,31,0.78,9925,0.044,2877800,104.871,38.0,13,78.57
Europe,2020-05-09,856,31,0.79,10149,0.042,2877800,104.871,38.0,13,78.57
Europe,2020-05-10,868,31,0.83,10319,0.046,2877800,104.871,38.0,13,78.57
Europe,2020-05-11,872,31,0.84,10440,0.044,2877800,104.871,38.0,13,78.57
Europe,2020-05-12,876,31,0.86,10683,0.037,2877800,104.871,38.0,13,78.57
Europe,2020-05-13,880,31,0.93,10929,0.032,2877800,104.871,38.0,13,78.57
Europe,2020-05-14,898,31,1.06,11120,0.039,2877800,104.871,38.0,13,78.57
Europe,2020-05-15,916,31,1.1,11339,0.047,2877800,104.871,38.0,13,78.57
Europe,2020-05-16,933,31,1.09,11645,0.051,2877800,104.871,38.0,13,78.57
Europe,2020-05-17,946,31,1.04,11905,0.049,2877800,104.871,38.0,13,78.57
Europe,2020-05-18,948,31,0.97,12073,0.047,2877800,104.871,38.0,13,78.57
Europe,2020-05-19,949,31,0.94,12250,0.047,2877800,104.871,38.0,13,78.57
Europe,2020-05-20,964,31,0.99,12436,0.056,2877800,104.871,38.0,13,78.57
Europe,2020-05-21,969,31,1.01,12640,0.047,2877800,104.871,38.0,13,78.57
Europe,2020-05-22,981,31,1.07,12814,0.044,2877800,104.871,38.0,13,78.57
Europe,2020-05-23,989,31,1.13,13014,0.041,2877800,104.871,38.0,13,78.57
Europe,2020-05-24,998,32,1.21,13160,0.042,2877800,104.871,38.0,13,78.57
Europe,2020-05-25,1004,32,1.31,13214,0.049,2877800,104.871,38.0,13,78.57
Europe,2020-05-26,1029,33,1.43,13387,0.071,2877800,104.871,38.0,13,78.57
Europe,2020-05-27,1050,33,1.45,13649,0.071,2877800,104.871,38.0,13,78.57
Europe,2020-05-28,1076,33,1.44,13874,0.087,2877800,104.871,38.0,13,78.57
Europe,2020-05-29,1099,33,1.39,14150,0.088,2877800,104.871,38.0,13,78.57
Europe,2020-05-30,1122,33,1.33,14379,0.097,2877800,104.871,38.0,13,78.57
Europe,2020-05-31,1137,33,1.26,14604,0.096,2877800,104.871,38.0,13,78.57
Europe,2020-06-01,1143,33,1.21,14706,0.093,2877800,104.871,38.0,13,78.57
Europe,2020-06-02,1164,33,1.19,14949,0.086,2877800,104.871,38.0,13,78.57
Europe,2020-06-03,1184,33,1.18,15246,0.084,2877800,104.871,38.0,13,78.57
Europe,2020-06-04,1197,33,1.18,15528,0.073,2877800,104.871,38.0,13,78.57
Europe,2020-06-05,1212,33,1.22,15690,0.073,2877800,104.871,38.0,13,78.57
Europe,2020-06-06,1232,34,1.28,15943,0.07,2877800,104.871,38.0,13,78.57
Europe,2020-06-07,1246,34,1.34,16136,0.071,2877800,104.871,38.0,13,78.57
Europe,2020-06-08,1263,34,1.44,16238,0.078,2877800,104.871,38.0,13,78.57
Europe,2020-06-09,1299,34,1.53,16597,0.082,2877800,104.871,38.0,13,78.57
Europe,2020-06-10,1341,34,1.6,16908,0.095,2877800,104.871,38.0,13,78.57
Europe,2020-06-11,1385,35,1.62,17199,0.112,2877800,104.871,38.0,13,78.57
Europe,2020-06-12,1416,36,1.62,17499,0.113,2877800,104.871,38.0,13,78.57
Europe,2020-06-13,1464,36,1.65,17769,0.127,2877800,104.871,38.0,13,78.57
Europe,2020-06-14,1521,36,1.66,18131,0.138,2877800,104.871,38.0,13,78.57
Europe,2020-06-15,1590,36,1.65,18450,0.148,2877800,104.871,38.0,13,78.57
Europe,2020-06-16,1672,37,1.57,18814,0.168,2877800,104.871,38.0,13,78.57
Europe,2020-06-17,1722,38,1.47,19147,0.17,2877800,104.871,38.0,13,78.57
Europe,2020-06-18,1788,39,1.4,19427,0.181,2877800,104.871,38.0,13,78.57
Europe,2020-06-19,1838,42,1.34,19757,0.187,2877800,104.871,38.0,13,78.57
Europe,2020-06-20,1891,43,1.29,20077,0.185,2877800,104.871,38.0,13,78.57
Europe,2020-06-21,1962,44,1.26,20404,0.194,2877800,104.871,38.0,13,78.57
Europe,2020-06-22,1995,44,1.22,20643,0.185,2877800,104.871,38.0,13,78.57
Europe,2020-06-23,2047,45,1.21,20971,0.174,2877800,104.871,38.0,13,78.57
Europe,2020-06-24,2114,47,1.22,21318,0.181,2877800,104.871,38.0,13,78.57
Europe,2020-06-25,2192,49,1.23,21662,0.181,2877800,104.871,38.0,13,78.57
Europe,2020-06-26,2269,51,1.22,22064,0.187,2877800,104.871,38.0,13,78.57
Europe,2020-06-27,2330,53,1.19,22419,0.187,2877800,104.871,38.0,13,78.57
Europe,2020-06-28,2402,55,1.18,22793,0.184,2877800,104.871,38.0,13,78.57
Europe,2020-06-29,2466,58,1.16,23164,0.187,2877800,104.871,38.0,13,78.57
Europe,2020-06-30,2535,62,1.13,23535,0.19,2877800,104.871,38.0,13,78.57
Europe,2020-07-01,2580,65,1.12,23804,0.188,2877800,104.871,38.0,13,78.57
Europe,2020-07-02,2662,69,1.14,24172,0.187,2877800,104.871,38.0,13,78.57
Europe,2020-07-03,2752,72,1.15,24534,0.195,2877800,104.871,38.0,13,78.57
Europe,2020-07-04,2819,74,1.14,24910,0.196,2877800,104.871,38.0,13,78.57
Europe,2020-07-05,2893,76,1.13,25302,0.196,2877800,104.871,38.0,13,78.57
Europe,2020-07-06,2964,79,1.12,25761,0.192,2877800,104.871,38.0,13,78.57
Europe,2020-07-07,3038,81,1.12,26170,0.191,2877800,104.871,38.0,13,78.57
Europe,2020-07-08,3106,83,1.13,26567,0.19,2877800,104.871,38.0,13,78.57
Europe,2020-07-09,3188,83,1.14,26968,0.188,2877800,104.871,38.0,13,78.57
Europe,2020-07-10,3278,85,1.16,27388,0.184,2877800,104.871,38.0,13,78.57
Europe,2020-07-11,3371,89,1.17,27808,0.19,2877800,104.871,38.0,13,78.57
Europe,2020-07-12,3454,93,1.17,28228,0.192,2877800,104.871,38.0,13,78.57
Europe,2020-07-13,3571,95,1.17,28813,0.199,2877800,104.871,38.0,13,78.57
Europe,2020-07-14,3667,97,1.13,29264,0.203,2877800,104.871,38.0,13,78.57
Europe,2020-07-15,3752,101,1.11,29625,0.211,2877800,104.871,38.0,13,78.57
Europe,2020-07-16,3851,104,1.09,30050,0.215,2877800,104.871,38.0,13,78.57
Europe,2020-07-17,3906,107,1.07,30481,0.203,2877800,104.871,38.0,13,78.57
Europe,2020-07-18,4008,111,1.08,30982,0.201,2877800,104.871,38.0,13,78.57
Europe,2020-07-19,4090,112,1.07,31313,0.206,2877800,104.871,38.0,13,78.57
Europe,2020-07-20,4171,113,1.08,31580,0.217,2877800,104.871,38.0,13,78.57
Europe,2020-07-21,4290,117,1.09,32062,0.222,2877800,104.871,38.0,13,78.57
Europe,2020-07-22,4358,120,1.08,32558,0.207,2877800,104.871,38.0,13,78.57
Europe,2020-07-23,4466,123,1.1,33035,0.206,2877800,104.871,38.0,13,78.57
Europe,2020-07-24,4570,128,1.1,33599,0.213,2877800,104.871,38.0,13,78.57
Europe,2020-07-25,4637,134,1.1,33903,0.215,2877800,104.871,38.0,13,78.57
Europe,2020-07-26,4763,138,1.13,34407,0.218,2877800,104.871,38.0,13,78.57
Europe,2020-07-27,4880,144,1.13,34907,0.213,2877800,104.871,38.0,13,78.57
South America,2020-03-21,158,4,2.19,2087,0.179,45195777,16.177,31.9,11,76.67
South America,2020-03-22,266,4,2.19,2334,0.201,45195777,16.177,31.9,11,76.67
South America,2020-03-23,301,4,2.11,2622,0.198,45195777,16.177,31.9,11,76.67
South America,2020-03-24,387,6,2.03,3067,0.223,45195777,16.177,31.9,11,76.67
South America,2020-03-25,387,8,1.97,3617,0.242,45195777,16.177,31.9,11,76.67
South America,2020-03-26,502,9,1.92,4203,0.25,45195777,16.177,31.9,11,76.67
South America,2020-03-27,589,13,1.85,4660,0.262,45195777,16.177,31.9,11,76.67
South America,2020-03-28,690,18,1.79,5142,0.252,45195777,16.177,31.9,11,76.67
South America,2020-03-29,745,19,1.72,5860,0.236,45195777,16.177,31.9,11,76.67
South America,2020-03-30,820,23,1.69,6519,0.233,45195777,16.177,31.9,11,76.67
South America,2020-03-31,1054,27,1.65,7189,0.216,45195777,16.177,31.9,11,76.67
South America,2020-04-01,1054,28,1.55,8260,0.193,45195777,16.177,31.9,11,76.67
South America,2020-04-02,1133,36,1.48,9931,0.166,45195777,16.177,31.9,11,76.67
South America,2020-04-03,1265,39,1.44,11535,0.147,45195777,16.177,31.9,11,76.67
South America,2020-04-04,1451,43,1.39,12938,0.137,45195777,16.177,31.9,11,76.67
South America,2020-04-05,1451,44,1.31,14024,0.128,45195777,16.177,31.9,11,76.67
South America,2020-04-06,1554,48,1.28,15392,0.121,45195777,16.177,31.9,11,76.67
South America,2020-04-07,1628,56,1.25,17078,0.11,45195777,16.177,31.9,11,76.67
South America,2020-04-08,1715,63,1.24,19084,0.104,45195777,16.177,31.9,11,76.67
South America,2020-04-09,1795,72,1.21,20939,0.098,45195777,16.177,31.9,11,76.67
South America,2020-04-10,1975,82,1.21,22659,0.101,45195777,16.177,31.9,11,76.67
South America,2020-04-11,1975,83,1.19,24480,0.096,45195777,16.177,31.9,11,76.67
South America,2020-04-12,2142,90,1.2,26068,0.093,45195777,16.177,31.9,11,76.67
South America,2020-04-13,2208,97,1.19,27933,0.09,45195777,16.177,31.9,11,76.67
South America,2020-04-14,2277,102,1.18,30046,0.093,45195777,16.177,31.9,11,76.67
South America,2020-04-15,2443,111,1.19,32347,0.096,45195777,16.177,31.9,11,76.67
South America,2020-04-16,2571,115,1.17,34705,0.096,45195777,16.177,31.9,11,76.67
South America,2020-04-17,2669,123,1.16,36898,0.09,45195777,16.177,31.9,11,76.67
South America,2020-04-18,2758,129,1.16,39179,0.091,45195777,16.177,31.9,11,76.67
South America,2020-04-19,2839,132,1.16,40810,0.09,45195777,16.177,31.9,11,76.67
South America,2020-04-20,2941,136,1.18,43193,0.087,45195777,16.177,31.9,11,76.67
South America,2020-04-21,3031,147,1.2,46087,0.089,45195777,16.177,31.9,11,76.67
South America,2020-04-22,3144,152,1.23,48745,0.084,45195777,16.177,31.9,11,76.67
South America,2020-04-23,3435,165,1.25,51460,0.083,45195777,16.177,31.9,11,76.67
South America,2020-04-24,3607,176,1.23,54763,0.084,45195777,16.177,31.9,11,76.67
South America,2020-04-25,3780,185,1.21,57408,0.086,45195777,16.177,31.9,11,76.67
South America,2020-04-26,3892,192,1.17,59140,0.087,45195777,16.177,31.9,11,76.67
South America,2020-04-27,4003,197,1.15,61371,0.091,45195777,16.177,31.9,11,76.67
South America,2020-04-28,4127,207,1.14,64305,0.086,45195777,16.177,31.9,11,76.67
South America,2020-04-29,4285,214,1.12,67387,0.086,45195777,16.177,31.9,11,76.67
South America,2020-04-30,4428,218,1.11,70236,0.087,45195777,16.177,31.9,11,76.67
South America,2020-05-01,4532,225,1.11,73282,0.084,45195777,16.177,31.9,11,76.67
South America,2020-05-02,4681,237,1.13,75572,0.08,45195777,16.177,31.9,11,76.67
South America,2020-05-03,4783,246,1.14,77703,0.08,45195777,16.177,31.9,11,76.67
South America,2020-05-04,4887,260,1.17,80555,0.075,45195777,16.177,31.9,11,76.67
South America,2020-05-05,5020,264,1.2,84612,0.076,45195777,16.177,31.9,11,76.67
South America,2020-05-06,5208,273,1.24,88693,0.077,45195777,16.177,31.9,11,76.67
South America,2020-05-07,5371,282,1.27,92617,0.077,45195777,16.177,31.9,11,76.67
South America,2020-05-08,5611,293,1.31,96293,0.079,45195777,16.177,31.9,11,76.67
South America,2020-05-09,5776,300,1.33,99889,0.081,45195777,16.177,31.9,11,76.67
South America,2020-05-10,6034,305,1.37,102171,0.084,45195777,16.177,31.9,11,76.67
South America,2020-05-11,6278,314,1.39,105831,0.089,45195777,16.177,31.9,11,76.67
South America,2020-05-12,6563,319,1.4,109593,0.094,45195777,16.177,31.9,11,76.67
South America,2020-05-13,6879,329,1.4,113940,0.097,45195777,16.177,31.9,11,76.67
South America,2020-05-14,7134,353,1.4,118150,0.098,45195777,16.177,31.9,11,76.67
South America,2020-05-15,7479,356,1.41,122555,0.103,45195777,16.177,31.9,11,76.67
South America,2020-05-16,7805,363,1.43,126308,0.107,45195777,16.177,31.9,11,76.67
South America,2020-05-17,8068,373,1.44,129118,0.106,45195777,16.177,31.9,11,76.67
South America,2020-05-18,8371,382,1.46,133244,0.108,45195777,16.177,31.9,11,76.67
South America,2020-05-19,8809,393,1.48,138842,0.11,45195777,16.177,31.9,11,76.67
South America,2020-05-20,9283,403,1.5,144719,0.114,45195777,16.177,31.9,11,76.67
South America,2020-05-21,9931,416,1.51,150635,0.122,45195777,16.177,31.9,11,76.67
South America,2020-05-22,10649,433,1.51,156330,0.131,45195777,16.177,31.9,11,76.67
South America,2020-05-23,11353,445,1.49,161142,0.137,45195777,16.177,31.9,11,76.67
South America,2020-05-24,12076,452,1.47,164869,0.141,45195777,16.177,31.9,11,76.67
South America,2020-05-25,12628,467,1.43,169034,0.145,45195777,16.177,31.9,11,76.67
South America,2020-05-26,13228,484,1.39,173969,0.152,45195777,16.177,31.9,11,76.67
South America,2020-05-27,13933,500,1.37,179940,0.156,45195777,16.177,31.9,11,76.67
South America,2020-05-28,14702,508,1.35,185946,0.158,45195777,16.177,31.9,11,76.67
South America,2020-05-29,15419,520,1.33,192777,0.156,45195777,16.177,31.9,11,76.67
South America,2020-05-30,16214,528,1.32,198364,0.154,45195777,16.177,31.9,11,76.67
South America,2020-05-31,16851,539,1.31,202192,0.156,45195777,16.177,31.9,11,76.67
South America,2020-06-01,17415,556,1.3,207440,0.161,45195777,16.177,31.9,11,76.67
South America,2020-06-02,18319,569,1.3,213215,0.165,45195777,16.177,31.9,11,76.67
South America,2020-06-03,19268,583,1.29,220175,0.169,45195777,16.177,31.9,11,76.67
South America,2020-06-04,20197,608,1.29,226743,0.172,45195777,16.177,31.9,11,76.67
South America,2020-06-05,21037,632,1.28,233573,0.174,45195777,16.177,31.9,11,76.67
South America,2020-06-06,22020,648,1.29,239972,0.183,45195777,16.177,31.9,11,76.67
South America,2020-06-07,22794,664,1.29,243388,0.185,45195777,16.177,31.9,11,76.67
South America,2020-06-08,23620,693,1.3,249688,0.186,45195777,16.177,31.9,11,76.67
South America,2020-06-09,24761,717,1.31,257111,0.191,45195777,16.177,31.9,11,76.67
South America,2020-06-10,25987,735,1.32,265135,0.197,45195777,16.177,31.9,11,76.67
South America,2020-06-11,27373,765,1.33,273559,0.204,45195777,16.177,31.9,11,76.67
South America,2020-06-12,28764,785,1.33,282857,0.211,45195777,16.177,31.9,11,76.67
South America,2020-06-13,30295,815,1.33,291015,0.212,45195777,16.177,31.9,11,76.67
South America,2020-06-14,31577,833,1.32,296242,0.215,45195777,16.177,31.9,11,76.67
South America,2020-06-15,32785,854,1.32,302101,0.222,45195777,16.177,31.9,11,76.67
South America,2020-06-16,34159,878,1.31,309936,0.226,45195777,16.177,31.9,11,76.67
South America,2020-06-17,35552,913,1.31,319679,0.23,45195777,16.177,31.9,11,76.67
South America,2020-06-18,37510,948,1.32,330145,0.232,45195777,16.177,31.9,11,76.67
South America,2020-06-19,39570,979,1.33,340508,0.235,45195777,16.177,31.9,11,76.67
South America,2020-06-20,41204,992,1.33,350496,0.246,45195777,16.177,31.9,11,76.67
South America,2020-06-21,42785,1011,1.33,357093,0.247,45195777,16.177,31.9,11,76.67
South America,2020-06-22,44931,1043,1.33,366605,0.249,45195777,16.177,31.9,11,76.67
South America,2020-06-23,47203,1078,1.33,378120,0.252,45195777,16.177,31.9,11,76.67
South America,2020-06-24,49851,1116,1.32,389456,0.255,45195777,16.177,31.9,11,76.67
South America,2020-06-25,52457,1150,1.3,401302,0.263,45195777,16.177,31.9,11,76.67
South America,2020-06-26,55343,1184,1.29,413645,0.27,45195777,16.177,31.9,11,76.67
South America,2020-06-27,57744,1207,1.27,423836,0.268,45195777,16.177,31.9,11,76.67
South America,2020-06-28,59933,1232,1.25,430405,0.274,45195777,16.177,31.9,11,76.67
South America,2020-06-29,62268,1280,1.23,440194,0.273,45195777,16.177,31.9,11,76.67
South America,2020-06-30,64530,1307,1.21,451309,0.278,45195777,16.177,31.9,11,76.67
South America,2020-07-01,67197,1351,1.2,462674,0.283,45195777,16.177,31.9,11,76.67
South America,2020-07-02,69941,1385,1.2,474259,0.282,45195777,16.177,31.9,11,76.67
South America,2020-07-03,72786,1437,1.2,487081,0.284,45195777,16.177,31.9,11,76.67
South America,2020-07-04,75376,1481,1.2,498828,0.291,45195777,16.177,31.9,11,76.67
South America,2020-07-05,77815,1507,1.2,505950,0.29,45195777,16.177,31.9,11,76.67
South America,2020-07-06,80447,1582,1.2,516560,0.295,45195777,16.177,31.9,11,76.67
South America,2020-07-07,83426,1644,1.2,529466,0.297,45195777,16.177,31.9,11,76.67
South America,2020-07-08,87030,1694,1.2,544194,0.301,45195777,16.177,31.9,11,76.67
South America,2020-07-09,90693,1720,1.2,557239,0.304,45195777,16.177,31.9,11,76.67
South America,2020-07-10,94060,1774,1.2,569256,0.309,45195777,16.177,31.9,11,76.67
South America,2020-07-11,97509,1810,1.2,580690,0.309,45195777,16.177,31.9,11,76.67
South America,2020-07-12,100166,1845,1.19,588543,0.308,45195777,16.177,31.9,11,76.67
South America,2020-07-13,103265,1903,1.19,600843,0.311,45195777,16.177,31.9,11,76.67
South America,2020-07-14,106910,1968,1.2,615741,0.311,45195777,16.177,31.9,11,76.67
South America,2020-07-15,111146,2050,1.2,630902,0.31,45195777,16.177,31.9,11,76.67
South America,2020-07-16,114783,2112,1.2,645921,0.314,45195777,16.177,31.9,11,76.67
South America,2020-07-17,119301,2178,1.21,662681,0.313,45195777,16.177,31.9,11,76.67
South America,2020-07-18,122524,2220,1.22,677018,0.318,45195777,16.177,31.9,11,76.67
South America,2020-07-19,126755,2260,1.23,687182,0.32,45195777,16.177,31.9,11,76.67
South America,2020-07-20,130774,2373,1.23,701881,0.324,45195777,16.177,31.9,11,76.67
South America,2020-07-21,136118,2490,1.23,719309,0.332,45195777,16.177,31.9,11,76.67
South America,2020-07-22,141900,2588,1.23,737540,0.338,45195777,16.177,31.9,11,76.67
South America,2020-07-23,148027,2702,1.22,755604,0.341,45195777,16.177,31.9,11,76.67
South America,2020-07-24,153520,2807,1.21,774692,0.349,45195777,16.177,31.9,11,76.67
South America,2020-07-25,158334,2893,1.2,790117,0.348,45195777,16.177,31.9,11,76.67
South America,2020-07-26,162526,2939,1.19,801298,0.35,45195777,16.177,31.9,11,76.67
South America,2020-07-27,167416,3059,1.18,817289,0.351,45195777,16.177,31.9,11,76.67
Oceania,2020-03-29,3984,16,1.43,211261,0.036,25499881,3.202,37.9,16,83.44
Oceania,2020-04-05,5687,35,0.73,297154,0.02,25499881,3.202,37.9,16,83.44
Oceania,2020-04-06,5797,40,0.68,302663,0.018,25499881,3.202,37.9,16,83.44
Oceania,2020-04-07,5895,45,0.64,310700,0.018,25499881,3.202,37.9,16,83.44
Oceania,2020-04-08,6010,50,0.6,319368,0.016,25499881,3.202,37.9,16,83.44
Oceania,2020-04-09,6108,51,0.56,330134,0.014,25499881,3.202,37.9,16,83.44
Oceania,2020-04-10,6215,54,0.51,338346,0.013,25499881,3.202,37.9,16,83.44
Oceania,2020-04-11,6303,57,0.47,347847,0.012,25499881,3.202,37.9,16,83.44
Oceania,2020-04-12,6315,60,0.44,353941,0.011,25499881,3.202,37.9,16,83.44
Oceania,2020-04-13,6351,61,0.43,362136,0.009,25499881,3.202,37.9,16,83.44
Oceania,2020-04-14,6415,62,0.43,366493,0.009,25499881,3.202,37.9,16,83.44
Oceania,2020-04-15,6440,63,0.42,371377,0.008,25499881,3.202,37.9,16,83.44
Oceania,2020-04-16,6462,63,0.41,380003,0.007,25499881,3.202,37.9,16,83.44
Oceania,2020-04-17,6522,66,0.41,391530,0.006,25499881,3.202,37.9,16,83.44
Oceania,2020-04-18,6568,67,0.4,406510,0.005,25499881,3.202,37.9,16,83.44
Oceania,2020-04-19,6610,67,0.39,420996,0.004,25499881,3.202,37.9,16,83.44
Oceania,2020-04-20,6623,67,0.38,431734,0.004,25499881,3.202,37.9,16,83.44
Oceania,2020-04-21,6645,67,0.38,439842,0.003,25499881,3.202,37.9,16,83.44
Oceania,2020-04-22,6652,67,0.38,452441,0.003,25499881,3.202,37.9,16,83.44
Oceania,2020-04-23,6662,75,0.38,466659,0.002,25499881,3.202,37.9,16,83.44
Oceania,2020-04-24,6677,79,0.4,482370,0.002,25499881,3.202,37.9,16,83.44
Oceania,2020-04-25,6694,80,0.42,494257,0.001,25499881,3.202,37.9,16,83.44
Oceania,2020-04-26,6714,83,0.45,506449,0.001,25499881,3.202,37.9,16,83.44
Oceania,2020-04-27,6721,83,0.48,517063,0.001,25499881,3.202,37.9,16,83.44
Oceania,2020-04-28,6744,89,0.52,530679,0.001,25499881,3.202,37.9,16,83.44
Oceania,2020-04-29,6752,91,0.55,544410,0.001,25499881,3.202,37.9,16,83.44
Oceania,2020-04-30,6766,93,0.59,563641,0.001,25499881,3.202,37.9,16,83.44
Oceania,2020-05-01,6778,93,0.64,588868,0.001,25499881,3.202,37.9,16,83.44
Oceania,2020-05-02,6799,94,0.69,611583,0.001,25499881,3.202,37.9,16,83.44
Oceania,2020-05-03,6822,95,0.74,633107,0.001,25499881,3.202,37.9,16,83.44
Oceania,2020-05-04,6847,96,0.78,650214,0.001,25499881,3.202,37.9,16,83.44
Oceania,2020-05-05,6875,97,0.8,664756,0.001,25499881,3.202,37.9,16,83.44
Oceania,2020-05-06,6894,97,0.79,688656,0.001,25499881,3.202,37.9,16,83.44
Oceania,2020-05-07,6913,97,0.77,722549,0.001,25499881,3.202,37.9,16,83.44
Oceania,2020-05-08,6918,97,0.75,757250,0.001,25499881,3.202,37.9,16,83.44
Oceania,2020-05-09,6939,97,0.76,795456,0.001,25499881,3.202,37.9,16,83.44
Oceania,2020-05-10,6948,97,0.77,827872,0.001,25499881,3.202,37.9,16,83.44
Oceania,2020-05-11,6970,97,0.79,855119,0.001,25499881,3.202,37.9,16,83.44
Oceania,2020-05-12,6980,98,0.79,877927,0.0,25499881,3.202,37.9,16,83.44
Oceania,2020-05-13,6989,98,0.81,909025,0.0,25499881,3.202,37.9,16,83.44
Oceania,2020-05-14,7019,98,0.83,943480,0.0,25499881,3.202,37.9,16,83.44
Oceania,2020-05-15,7035,98,0.8,983816,0.001,25499881,3.202,37.9,16,83.44
Oceania,2020-05-16,7044,98,0.76,1015652,0.0,25499881,3.202,37.9,16,83.44
Oceania,2020-05-17,7054,99,0.76,1042126,0.0,25499881,3.202,37.9,16,83.44
Oceania,2020-05-18,7068,99,0.75,1062034,0.0,25499881,3.202,37.9,16,83.44
Oceania,2020-05-19,7072,100,0.74,1085870,0.0,25499881,3.202,37.9,16,83.44
Oceania,2020-05-20,7081,100,0.76,1111567,0.0,25499881,3.202,37.9,16,83.44
Oceania,2020-05-21,7095,101,0.78,1137684,0.0,25499881,3.202,37.9,16,83.44
Oceania,2020-05-22,7099,101,0.78,1170682,0.0,25499881,3.202,37.9,16,83.44
Oceania,2020-05-23,7114,102,0.81,1192262,0.0,25499881,3.202,37.9,16,83.44
Oceania,2020-05-24,7114,102,0.83,1224795,0.0,25499881,3.202,37.9,16,83.44
Oceania,2020-05-25,7126,102,0.89,1244200,0.0,25499881,3.202,37.9,16,83.44
Oceania,2020-05-26,7139,103,0.94,1288223,0.0,25499881,3.202,37.9,16,83.44
Oceania,2020-05-27,7150,103,0.97,1338321,0.0,25499881,3.202,37.9,16,83.44
Oceania,2020-05-28,7165,103,0.99,1367444,0.0,25499881,3.202,37.9,16,83.44
Oceania,2020-05-29,7184,103,1.0,1397622,0.0,25499881,3.202,37.9,16,83.44
Oceania,2020-05-30,7192,103,0.95,1428538,0.0,25499881,3.202,37.9,16,83.44
Oceania,2020-05-31,7202,103,0.96,1454568,0.0,25499881,3.202,37.9,16,83.44
Oceania,2020-06-01,7221,102,0.95,1472220,0.0,25499881,3.202,37.9,16,83.44
Oceania,2020-06-02,7229,102,0.91,1490387,0.0,25499881,3.202,37.9,16,83.44
Oceania,2020-06-03,7240,102,0.88,1512700,0.001,25499881,3.202,37.9,16,83.44
Oceania,2020-06-04,7247,102,0.86,1546329,0.0,25499881,3.202,37.9,16,83.44
Oceania,2020-06-05,7252,102,0.84,1579192,0.0,25499881,3.202,37.9,16,83.44
Oceania,2020-06-06,7259,102,0.83,1590588,0.0,25499881,3.202,37.9,16,83.44
Oceania,2020-06-07,7265,102,0.87,1617462,0.0,25499881,3.202,37.9,16,83.44
Oceania,2020-06-08,7267,102,0.92,1633515,0.0,25499881,3.202,37.9,16,83.44
Oceania,2020-06-09,7274,102,1.0,1650684,0.0,25499881,3.202,37.9,16,83.44
Oceania,2020-06-10,7285,102,1.08,1679954,0.0,25499881,3.202,37.9,16,83.44
Oceania,2020-06-11,7289,102,1.16,1711223,0.0,25499881,3.202,37.9,16,83.44
Oceania,2020-06-12,7294,102,1.27,1745550,0.0,25499881,3.202,37.9,16,83.44
Oceania,2020-06-13,7320,102,1.4,1782651,0.0,25499881,3.202,37.9,16,83.44
Oceania,2020-06-14,7335,102,1.45,1812353,0.0,25499881,3.202,37.9,16,83.44
Oceania,2020-06-15,7347,102,1.48,1828149,0.0,25499881,3.202,37.9,16,83.44
Oceania,2020-06-16,7370,102,1.52,1848347,0.0,25499881,3.202,37.9,16,83.44
Oceania,2020-06-17,7391,102,1.53,1876117,0.001,25499881,3.202,37.9,16,83.44
Oceania,2020-06-18,7409,102,1.53,1927497,0.001,25499881,3.202,37.9,16,83.44
Oceania,2020-06-19,7411,102,1.55,1970205,0.001,25499881,3.202,37.9,16,83.44
Oceania,2020-06-20,7461,102,1.62,2005378,0.001,25499881,3.202,37.9,16,83.44
Oceania,2020-06-21,7474,102,1.61,2041324,0.001,25499881,3.202,37.9,16,83.44
Oceania,2020-06-22,7492,102,1.64,2107849,0.001,25499881,3.202,37.9,16,83.44
Oceania,2020-06-23,7521,103,1.69,2132821,0.001,25499881,3.202,37.9,16,83.44
Oceania,2020-06-24,7558,104,1.74,2180424,0.001,25499881,3.202,37.9,16,83.44
Oceania,2020-06-25,7595,104,1.78,2232341,0.001,25499881,3.202,37.9,16,83.44
Oceania,2020-06-26,7601,104,1.83,2281839,0.001,25499881,3.202,37.9,16,83.44
Oceania,2020-06-27,7686,104,1.95,2336061,0.001,25499881,3.202,37.9,16,83.44
Oceania,2020-06-28,7764,104,1.99,2379175,0.001,25499881,3.202,37.9,16,83.44
Oceania,2020-06-29,7834,104,1.98,2415695,0.001,25499881,3.202,37.9,16,83.44
Oceania,2020-06-30,7920,104,1.97,2455982,0.001,25499881,3.202,37.9,16,83.44
Oceania,2020-07-01,8001,104,1.95,2505923,0.001,25499881,3.202,37.9,16,83.44
Oceania,2020-07-02,8066,104,1.95,2563782,0.001,25499881,3.202,37.9,16,83.44
Oceania,2020-07-03,8260,104,2.0,2617860,0.002,25499881,3.202,37.9,16,83.44
Oceania,2020-07-04,8443,104,1.93,2668036,0.002,25499881,3.202,37.9,16,83.44
Oceania,2020-07-05,8583,106,1.87,2713435,0.002,25499881,3.202,37.9,16,83.44
Oceania,2020-07-06,8755,106,1.81,2759165,0.003,25499881,3.202,37.9,16,83.44
Oceania,2020-07-07,8886,106,1.76,2801107,0.003,25499881,3.202,37.9,16,83.44
Oceania,2020-07-08,9056,106,1.73,2856406,0.003,25499881,3.202,37.9,16,83.44
Oceania,2020-07-09,9374,106,1.71,2910831,0.004,25499881,3.202,37.9,16,83.44
Oceania,2020-07-10,9553,107,1.64,2970268,0.004,25499881,3.202,37.9,16,83.44
Oceania,2020-07-11,9797,108,1.58,3021493,0.004,25499881,3.202,37.9,16,83.44
Oceania,2020-07-12,9980,108,1.55,3075488,0.004,25499881,3.202,37.9,16,83.44
Oceania,2020-07-13,10251,108,1.54,3117788,0.004,25499881,3.202,37.9,16,83.44
Oceania,2020-07-14,10487,111,1.52,3162237,0.004,25499881,3.202,37.9,16,83.44
Oceania,2020-07-15,10810,113,1.5,3222141,0.005,25499881,3.202,37.9,16,83.44
Oceania,2020-07-16,11233,116,1.48,3287716,0.005,25499881,3.202,37.9,16,83.44
Oceania,2020-07-17,11441,118,1.43,3350444,0.005,25499881,3.202,37.9,16,83.44
Oceania,2020-07-18,11802,122,1.4,3413831,0.005,25499881,3.202,37.9,16,83.44
Oceania,2020-07-19,12069,123,1.38,3476463,0.005,25499881,3.202,37.9,16,83.44
Oceania,2020-07-20,12428,126,1.38,3534425,0.005,25499881,3.202,37.9,16,83.44
Oceania,2020-07-21,12894,128,1.37,3590735,0.006,25499881,3.202,37.9,16,83.44
Oceania,2020-07-22,13302,133,1.33,3650529,0.006,25499881,3.202,37.9,16,83.44
Oceania,2020-07-23,13595,139,1.3,3719837,0.005,25499881,3.202,37.9,16,83.44
Oceania,2020-07-24,13950,145,1.3,3795421,0.006,25499881,3.202,37.9,16,83.44
Oceania,2020-07-25,14403,155,1.29,3859505,0.006,25499881,3.202,37.9,16,83.44
Oceania,2020-07-26,14935,161,1.29,3935124,0.006,25499881,3.202,37.9,16,83.44
Oceania,2020-07-27,15303,167,1.26,3987090,0.006,25499881,3.202,37.9,16,83.44
North America,2020-03-12,117,1,2.8,6739,0.014,37742157,4.037,41.4,17,82.43
